"img-view href","slimmage src","t-view","au-view","au-view href","price","cur 2"
"https://bookbuy.vn/sach/number-in-english-cach-noi-so-chuan-trong-1001-tinh-huong-thuong-ngay-luyen-nghe-noi-voi-file-mp3--p128685.html","https://bookbuy.vn/Res/Images/Product/number-in-english-cach-noi-so-chuan-trong-1001-tinh-huong-thuong-ngay-_128685_1.jpg?w=135&h=180&scale=canvas","Number In English - Cách Nói Số Chuẩn Trong 1001 Tình Huống Thường Ngày (Luyện Nghe - Nói Với File MP3)","Jonathan Davis","https://bookbuy.vn/tac-gia/jonathan-davis-auth54015/p1","159,000","₫"
"https://bookbuy.vn/sach/ben-ban-du-ban-o-noi-dau-p128582.html","https://bookbuy.vn/Res/Images/Product/ben-ban-du-ban-o-noi-dau_128582_1.png?w=135&h=180&scale=canvas","Bên Bạn Dù Bạn Ở Nơi Đâu","Xứ sở ngôn từ","https://bookbuy.vn/tac-gia/xu-so-ngon-tu-auth58729/p1","99,000","₫"
"https://bookbuy.vn/sach/tron-bo-18-cuon-giao-trinh-chuan-hsk-1-den-hsk-6-sach-bai-hoc-va-bai-tap-p128557.html","https://bookbuy.vn/Res/Images/Product/sach-tron-bo-18-cuon-giao-trinh-chuan-hsk-1-2-3-4-5-6-sach-bai-hoc-va-bai-tap_128557_1.jpeg?w=135&h=180&scale=canvas","Trọn Bộ 18 Cuốn Giáo Trình Chuẩn HSK 1 Đến HSK 6 - Sách Bài Học Và Bài Tập","Khương Lệ Bình","https://bookbuy.vn/tac-gia/khuong-le-binh-auth56778/p1","",""
"https://bookbuy.vn/sach/ngoai-ngu-kho-day-nhung-ban-tu-hoc-duoc-bi-quyet-tu-hoc-chinh-phuc-anh-ngu-song-trung-p127945.html","https://bookbuy.vn/Res/Images/Product/127945_ngoai-ngu-kho-day-nhung-ban-tu-hoc-duoc-bi-quyet-tu-hoc-chinh-phuc-anh-ngu-song-trung_127942_1.jpg?w=135&h=180&scale=canvas","Ngoại Ngữ Khó Đấy Nhưng Bạn Tự Học Được: Bí Quyết Tự Học Chinh Phục Anh Ngữ Song Trung","Việt Lê","https://bookbuy.vn/tac-gia/viet-le-auth58444/p1","168,000","₫"
"https://bookbuy.vn/sach/[sach-song-ngu]-ngoai-ngu-kho-day-nhung-ban-tu-hoc-duoc-bi-quyet-tu-hoc-chinh-phuc-anh-ngu-song-trung-p127942.html","https://bookbuy.vn/Res/Images/Product/ngoai-ngu-kho-day-nhung-ban-tu-hoc-duoc-bi-quyet-tu-hoc-chinh-phuc-anh-ngu-song-trung_127942_1.jpg?w=135&h=180&scale=canvas","[Sách Song Ngữ] Ngoại Ngữ Khó Đấy Nhưng Bạn Tự Học Được: Bí Quyết Tự Học Chinh Phục Anh Ngữ Song Trung","Việt Lê","https://bookbuy.vn/tac-gia/viet-le-auth58444/p1","268,000","₫"
"https://bookbuy.vn/sach/sach-tu-hoc-hiragana-katakana-hoc-thong-qua-nghe-va-viet--p127854.html","https://bookbuy.vn/Res/Images/Product/sach-tu-hoc-hiragana-katakana-hoc-thong-qua-nghe-va-viet-_127854_1.jpg?w=135&h=180&scale=canvas","Sách Tự Học Hiragana-Katakana - Học Thông Qua Nghe Và Viết","AOTS - The Association For Overseas Technical Scholarship","https://bookbuy.vn/tac-gia/aots-the-association-for-overseas-technical-scholarship-auth58404/p1","85,000","₫"
"https://bookbuy.vn/sach/chinh-phuc-cum-dong-tu-tieng-anh-p127761.html","https://bookbuy.vn/Res/Images/Product/chinh-phuc-cum-dong-tu-tieng-anh_127761_2.jpg?w=135&h=180&scale=canvas","Chinh Phục Cụm Động Từ Tiếng Anh","Trang Anh","https://bookbuy.vn/tac-gia/trang-anh-auth19666/p1","96,000","₫"
"https://bookbuy.vn/sach/giao-trinh-chuan-hsk-1-tai-ban-2023--p125372.html","https://bookbuy.vn/Res/Images/Product/giao-trinh-chuan-hsk-1-tai-ban-2023-_125372_1.jpg?w=135&h=180&scale=canvas","Giáo Trình Chuẩn HSK 1 (Tái Bản 2023)","Khương Lệ Bình","https://bookbuy.vn/tac-gia/khuong-le-binh-auth56778/p1","198,000","₫"
"https://bookbuy.vn/sach/hoc-2000-tu-tieng-anh-huu-ich-bang-so-do-tu-duy-p125289.html","https://bookbuy.vn/Res/Images/Product/hoc-2000-tu-tieng-anh-huu-ich-bang-so-do-tu-duy_125289_1.jpg?w=135&h=180&scale=canvas","Học 2000 Từ Tiếng Anh Hữu Ích Bằng Sơ Đồ Tư Duy","Nguyễn Thành Yến","https://bookbuy.vn/tac-gia/nguyen-thanh-yen-auth4337/p1","320,000","₫"
"https://bookbuy.vn/sach/uoc-vong-ve-quoc-gia-lap-trinh-tu-tieng-anh-den-tieng-code-p125263.html","https://bookbuy.vn/Res/Images/Product/uoc-vong-ve-quoc-gia-lap-trinh-tu-tieng-anh-den-tieng-_125263_1.jpg?w=135&h=180&scale=canvas","Ước Vọng Về Quốc Gia Lập Trình: Từ Tiếng Anh Đến Tiếng Code","Nguyễn Thanh Tùng","https://bookbuy.vn/tac-gia/nguyen-thanh-tung-auth51714/p1","80,000","₫"
"https://bookbuy.vn/sach/learning-english-with-tv-series-luyen-noi-thanh-thao-cung-%E2%80%9Cmot%E2%80%9D-phim-tieng-anh-p124092.html","https://bookbuy.vn/Res/Images/Product/learning-english-with-tv-series-luyen-noi-thanh-thao-cung-%E2%80%9Cmot%E2%80%9D-phim-tieng-anh_124092_1.jpg?w=135&h=180&scale=canvas","Learning English With Tv Series - Luyện Nói Thành Thạo Cùng “Mọt” Phim Tiếng Anh","Maëva Courtois","https://bookbuy.vn/tac-gia/ma%C3%ABva-courtois-auth55662/p1","109,000","₫"
"https://bookbuy.vn/sach/ybm-toeic-listening-1000-vol-2-tai-ban-2023--p124037.html","https://bookbuy.vn/Res/Images/Product/ybm-toeic-listening-1000-vol-2-tai-ban-2023-_124037_1.jpg?w=135&h=180&scale=canvas","YBM TOEIC Listening 1000 - Vol 2 (Tái Bản 2023)","YBM TOEIC R&D","https://bookbuy.vn/tac-gia/ybm-toeic-r-d-auth55640/p1","259,000","₫"
"https://bookbuy.vn/sach/ybm-toeic-listening-1000-vol-1-tai-ban-2023--p124036.html","https://bookbuy.vn/Res/Images/Product/ybm-toeic-listening-1000-vol-1-tai-ban-2023-_124036_1.jpg?w=135&h=180&scale=canvas","YBM TOEIC Listening 1000 - Vol 1 (Tái Bản 2023)","YBM TOEIC R&D","https://bookbuy.vn/tac-gia/ybm-toeic-r-d-auth55640/p1","259,000","₫"
"https://bookbuy.vn/sach/tieng-nhat-cong-nghe-thong-tin-hoi-thoai-trong-du-an-phan-mem-p123585.html","https://bookbuy.vn/Res/Images/Product/tieng-nhat-cong-nghe-thong-tin-hoi-thoai-trong-du-an-phan-mem_123585_1.jpg?w=135&h=180&scale=canvas","Tiếng Nhật Công Nghệ Thông Tin: Hội Thoại Trong Dự Án Phần Mềm","Komaki Michiko","https://bookbuy.vn/tac-gia/komaki-michiko-auth55517/p1","290,000","₫"
"https://bookbuy.vn/sach/giao-trinh-phat-trien-han-ngu-tong-hop-so-cap-1-tap-1-tai-ban-2023--p123518.html","https://bookbuy.vn/Res/Images/Product/giao-trinh-phat-trien-han-ngu-tong-hop-so-cap-1-tap-1-tai-ban-2023-_123518_1.jpg?w=135&h=180&scale=canvas","Giáo Trình Phát Triển Hán Ngữ Tổng Hợp Sơ Cấp 1 - Tập 1 (Tái Bản 2023)","Đại học Ngôn ngữ Bắc Kinh","https://bookbuy.vn/tac-gia/dai-hoc-ngon-ngu-bac-kinh-auth55490/p1","189,000","₫"
"https://bookbuy.vn/sach/giao-trinh-tieng-nhat-so-cap-tap-2-shin-nihongo-no-kiso-ii-p123303.html","https://bookbuy.vn/Res/Images/Product/giao-trinh-tieng-nhat-so-cap-tap-2-shin-nihongo-no-kiso-ii_123303_1.jpg?w=135&h=180&scale=canvas","Giáo Trình Tiếng Nhật Sơ Cấp (Tập 2) - SHIN NIHONGO NO KISO II","Nguyễn Thủy","https://bookbuy.vn/tac-gia/nguyen-thuy-auth38407/p1","142,000","₫"
"https://bookbuy.vn/sach/giao-trinh-tieng-nhat-so-cap-tap-1-p123302.html","https://bookbuy.vn/Res/Images/Product/giao-trinh-tieng-nhat-so-cap-tap-1_123302_1.jpg?w=135&h=180&scale=canvas","Giáo Trình Tiếng Nhật Sơ Cấp - Tập 1","Nguyễn Thủy","https://bookbuy.vn/tac-gia/nguyen-thuy-auth38407/p1","142,000","₫"
"https://bookbuy.vn/sach/giao-trinh-tieng-nhat-so-cap-tap-2-shin-nihongo-no-kiso-ii-giai-thich-van-pham-bang-tieng-viet--p123301.html","https://bookbuy.vn/Res/Images/Product/giao-trinh-tieng-nhat-so-cap-tap-2-shin-nihongo-no-kiso-ii-giai-thich-van-pham-bang-tieng-viet-_123301_1.jpg?w=135&h=180&scale=canvas","Giáo Trình Tiếng Nhật Sơ Cấp (Tập 2 - SHIN NIHONGO NO KISO II (Giải Thích Văn Phạm Bằng Tiếng Việt)","Nguyễn Thủy","https://bookbuy.vn/tac-gia/nguyen-thuy-auth38407/p1","40,000","₫"
"https://bookbuy.vn/sach/chien-thuat-giai-de-dat-diem-10-mon-tieng-anh-ki-thi-trung-hoc-pho-thong-quoc-gia-p123217.html","https://bookbuy.vn/Res/Images/Product/chien-thuat-giai-de-dat-diem-10-mon-tieng-anh-ki-thi-trung-hoc-pho-thong-quoc-gia_123217_1.jpg?w=135&h=180&scale=canvas","Chiến Thuật Giải Đề Đạt Điểm 10 Môn Tiếng Anh Kì Thi Trung Học Phổ Thông Quốc Gia","PREP","https://bookbuy.vn/tac-gia/prep-auth55377/p1","75,000","₫"
"https://bookbuy.vn/sach/hoan-thien-ky-nang-dung-cau-tieng-anh-refining-english-sentence-building-p123116.html","https://bookbuy.vn/Res/Images/Product/hoan-thien-ky-nang-dung-cau-tieng-anh-refining-english-sentence-building_123116_1.jpg?w=135&h=180&scale=canvas","Hoàn Thiện Kỹ Năng Dựng Câu Tiếng Anh - Refining English Sentence Building","Lê Minh Diệu","https://bookbuy.vn/tac-gia/le-minh-dieu-auth55325/p1","160,000","₫"