"img-view href","slimmage src","t-view","au-view","au-view href","price"
"https://bookbuy.vn/sach/dien-bien-phu-thoi-gian-va-khong-gian-p130031.html","https://bookbuy.vn/Res/Images/Product/dien-bien-phu-thoi-gian-va-khong-_130031_1.jpg?w=135&h=180&scale=canvas","Điện Biên Phủ - Thời Gian Và Không Gian","Hữu Mai","https://bookbuy.vn/tac-gia/huu-mai-auth3572/p1","70,000"
"https://bookbuy.vn/sach/nguoi-tho-chua-dong-ho-tai-duong-ham-so-1-p130029.html","https://bookbuy.vn/Res/Images/Product/nguoi-tho-chua-dong-ho-tai-duong-ham-so-1_130029_1.jpg?w=135&h=180&scale=canvas","Người Thợ Chữa Đồng Hồ Tại Đường Hầm Số 1","Hữu Mai","https://bookbuy.vn/tac-gia/huu-mai-auth3572/p1","30,000"
"https://bookbuy.vn/sach/la-co-chuan-do-tham-a1-p130028.html","https://bookbuy.vn/Res/Images/Product/130028_chuyen-o-doi-a1_130025_1.jpg?w=135&h=180&scale=canvas","Lá Cờ Chuẩn Đỏ Thắm A1","Hồ Phương","https://bookbuy.vn/tac-gia/ho-phuong-auth2079/p1","40,000"
"https://bookbuy.vn/sach/chuyen-o-doi-a1-p130025.html","https://bookbuy.vn/Res/Images/Product/chuyen-o-doi-a1_130025_1.jpg?w=135&h=180&scale=canvas","Chuyện Ở Đồi A1","Nguyễn Tân","https://bookbuy.vn/tac-gia/nguyen-tan-auth58902/p1","40,000"
"https://bookbuy.vn/sach/lang-nghe-dua-tre-ben-trong-p130011.html","https://bookbuy.vn/Res/Images/Product/lang-nghe-dua-tre-ben-trong_130011_1.jpg?w=135&h=180&scale=canvas","Lắng Nghe Đứa Trẻ Bên Trong","Zoe McKey","https://bookbuy.vn/tac-gia/zoe-mckey-auth38413/p1","149,000"
"https://bookbuy.vn/sach/21-nghi-thuc-thay-doi-cuoc-doi-21-rituals-to-change-your-life-p129998.html","https://bookbuy.vn/Res/Images/Product/21-nghi-thuc-thay-doi-cuoc-doi-21-rituals-to-change-your-life_129998_1.jpg?w=135&h=180&scale=canvas","21 Nghi Thức Thay Đổi Cuộc Đời - 21 Rituals To Change Your Life","Theresa Cheung","https://bookbuy.vn/tac-gia/theresa-cheung-auth58893/p1","128,000"
"https://bookbuy.vn/sach/giai-ma-van-menh-chia-khoa-de-hieu-ro-so-phan-p129994.html","https://bookbuy.vn/Res/Images/Product/giai-ma-van-menh-chia-khoa-de-hieu-ro-so-phan_129994_1.jpg?w=135&h=180&scale=canvas","Giải Mã Vận Mệnh - Chìa Khóa Để Hiểu Rõ Số Phận","Trương Tùng Huy","https://bookbuy.vn/tac-gia/truong-tung-huy-auth58891/p1","168,000"
"https://bookbuy.vn/sach/dung-de-ban-than-mac-ket-trong-giac-mo-nguoi-khac-p128946.html","https://bookbuy.vn/Res/Images/Product/dung-de-ban-than-mac-ket-trong-giac-mo-nguoi-khac_128946_1.jpg?w=135&h=180&scale=canvas","Đừng Để Bản Thân Mắc Kẹt Trong Giấc Mơ Người Khác","Jang Hongan","https://bookbuy.vn/tac-gia/jang-hongan-auth58885/p1","79,000"
"https://bookbuy.vn/sach/tuyen-ngon-cua-nguoi-anh-hung-doi-thuong-p128944.html","https://bookbuy.vn/Res/Images/Product/tuyen-ngon-cua-nguoi-anh-hung-doi-thuong_128944_1.jpg?w=135&h=180&scale=canvas","Tuyên Ngôn Của Người Anh Hùng Đời Thường","Robin Sharma","https://bookbuy.vn/tac-gia/robin-sharma-auth4554/p1","190,000"
"https://bookbuy.vn/sach/thien-nhu-mot-phat-tu-p128943.html","https://bookbuy.vn/Res/Images/Product/thien-nhu-mot-phat-tu_128943_1.jpg?w=135&h=180&scale=canvas","Thiền Như Một Phật Tử","Cynthia Kane","https://bookbuy.vn/tac-gia/cynthia-kane-auth58883/p1","68,000"
"https://bookbuy.vn/sach/giao-tiep-nhu-mot-phat-tu-p128942.html","https://bookbuy.vn/Res/Images/Product/giao-tiep-nhu-mot-phat-tu_128942_1.jpg?w=135&h=180&scale=canvas","Giao Tiếp Như Một Phật Tử","Cynthia Kane","https://bookbuy.vn/tac-gia/cynthia-kane-auth58883/p1","98,000"
"https://bookbuy.vn/sach/song-nhu-mot-phat-tu-p128941.html","https://bookbuy.vn/Res/Images/Product/song-nhu-mot-phat-tu_128941_1.jpg?w=135&h=180&scale=canvas","Sống Như Một Phật Tử","Cynthia Kane","https://bookbuy.vn/tac-gia/cynthia-kane-auth58883/p1","80,000"
"https://bookbuy.vn/sach/de-con-tu-hoc-cau-chuyen-tu-tu-giac-den-tu-hoc-p128940.html","https://bookbuy.vn/Res/Images/Product/de-con-tu-hoc-cau-chuyen-tu-tu-giac-den-tu-hoc_128940_1.jpg?w=135&h=180&scale=canvas","Để Con Tự Học - Câu Chuyện Từ Tự Giác Đến Tự Học","TS. Nguyễn Thị Thu","https://bookbuy.vn/tac-gia/ts-nguyen-thi-thu-auth53804/p1","99,000"
"https://bookbuy.vn/sach/thong-minh-mac-loi-thong-minh-p128902.html","https://bookbuy.vn/Res/Images/Product/thong-minh-mac-loi-thong-minh_128902_1.jpg?w=135&h=180&scale=canvas","Thông Minh Mắc Lỗi Thông Minh","Hạ Văn Phương","https://bookbuy.vn/tac-gia/ha-van-phuong-auth58866/p1","118,000"
"https://bookbuy.vn/sach/dau-co-met-moi-cung-dung-dua-dam-vao-nguoi-khac-p128901.html","https://bookbuy.vn/Res/Images/Product/dau-co-met-moi-cung-dung-dua-dam-vao-nguoi-khac_128901_1.jpg?w=135&h=180&scale=canvas","Dẫu Có Mệt Mỏi Cũng Đừng Dựa Dẫm Vào Người Khác","Jung Wooyul","https://bookbuy.vn/tac-gia/jung-wooyul-auth53651/p1","96,000"
"https://bookbuy.vn/sach/khi-su-song-khong-co-du-phong-p128900.html","https://bookbuy.vn/Res/Images/Product/khi-su-song-khong-co-du-phong_128900_1.jpg?w=135&h=180&scale=canvas","Khi Sự Sống Không Có Dự Phòng","Mike Berners-Lee","https://bookbuy.vn/tac-gia/mike-berners-lee-auth58864/p1","158,000"
"https://bookbuy.vn/sach/chip-war-cuoc-chien-vi-mach-p128898.html","https://bookbuy.vn/Res/Images/Product/chip-war-cuoc-chien-vi-mach_128898_1.jpg?w=135&h=180&scale=canvas","Chip War - Cuộc Chiến Vi Mạch","Chris Miller","https://bookbuy.vn/tac-gia/chris-miller-auth58863/p1","300,000"
"https://bookbuy.vn/sach/de-co-mot-tuong-lai-tai-chinh-tuoi-sang-p128894.html","https://bookbuy.vn/Res/Images/Product/de-co-mot-tuong-lai_128894_1.jpg?w=135&h=180&scale=canvas","Để Có Một Tương Lai Tài Chính Tươi Sáng","Robert T.Kiyosaki","https://bookbuy.vn/tac-gia/robert-t-kiyosaki-auth43253/p1","190,000"
"https://bookbuy.vn/sach/powershift-danh-thuc-ban-than-thuc-tinh-suc-manh-p128888.html","https://bookbuy.vn/Res/Images/Product/powershift-danh-thuc-ban-than-thuc-tinh-suc-manh_128888_1.jpg?w=135&h=180&scale=canvas","Powershift - Đánh Thức Bản Thân - Thức Tỉnh Sức Mạnh","Daymond John","https://bookbuy.vn/tac-gia/daymond-john-auth45733/p1","195,000"
"https://bookbuy.vn/sach/tam-ly-hoc-phat-trien-p128885.html","https://bookbuy.vn/Res/Images/Product/tam-ly-hoc-phat-trien_128885_1.jpg?w=135&h=180&scale=canvas","Tâm Lý Học Phát Triển","Nhiều tác giả","https://bookbuy.vn/tac-gia/nhieu-tac-gia-auth2518/p1","165,000"